position,u_velocity,v_velocity
0,NaN,NaN
0.0019569471,-0.0004832847,NaN
0.0039138943,-0.0013239093,NaN
0.0058708414,-0.002143358,NaN
0.007827789,-0.002942213,NaN
0.009784736,-0.003721387,NaN
0.011741683,-0.0044815904,NaN
0.01369863,-0.0052238987,NaN
0.015655577,-0.005949079,NaN
0.017612524,-0.0066582295,NaN
0.019569471,-0.0073525133,NaN
0.021526419,-0.008032973,NaN
0.023483366,-0.008701009,NaN
0.025440313,-0.009357657,NaN
0.02739726,-0.010004319,NaN
0.029354207,-0.010642416,NaN
0.031311154,-0.011273081,NaN
0.0332681,-0.011897634,NaN
0.03522505,-0.012517255,NaN
0.037181996,-0.013133072,NaN
0.039138943,-0.013745979,NaN
0.04109589,-0.014357102,NaN
0.043052837,-0.014967168,NaN
0.045009784,-0.01557676,NaN
0.04696673,-0.016186295,NaN
0.04892368,-0.016796337,NaN
0.050880626,-0.017406786,NaN
0.052837573,-0.018017933,NaN
0.05479452,-0.018629529,NaN
0.056751467,-0.019241212,NaN
0.058708414,-0.019852605,NaN
0.06066536,-0.020463362,NaN
0.06262231,-0.021072809,NaN
0.064579256,-0.021680122,NaN
0.0665362,-0.02228456,NaN
0.06849315,-0.022885183,NaN
0.0704501,-0.02348115,NaN
0.072407044,-0.024071386,NaN
0.07436399,-0.024654862,NaN
0.07632094,-0.025230648,NaN
0.078277886,-0.025797443,NaN
0.08023483,-0.026354231,NaN
0.08219178,-0.026900064,NaN
0.08414873,-0.027433768,NaN
0.086105675,-0.02795429,NaN
0.08806262,-0.02846064,NaN
0.09001957,-0.028951552,NaN
0.091976516,-0.02942607,NaN
0.09393346,-0.029883211,NaN
0.09589041,-0.030322174,NaN
0.09784736,-0.030742245,NaN
0.099804305,-0.031142341,NaN
0.10176125,-0.031521976,NaN
0.1037182,-0.031880546,NaN
0.105675146,-0.032217275,NaN
0.10763209,-0.03253161,NaN
0.10958904,-0.032823265,NaN
0.11154599,-0.033091966,NaN
0.113502935,-0.033337213,NaN
0.11545988,-0.03355902,NaN
0.11741683,-0.033757158,NaN
0.119373776,-0.03393177,NaN
0.12133072,-0.03408277,NaN
0.12328767,-0.034210503,NaN
0.12524462,-0.034315206,NaN
0.12720157,-0.034397237,NaN
0.12915851,-0.03445688,NaN
0.13111547,-0.034494944,NaN
0.1330724,-0.03451183,NaN
0.13502936,-0.03450819,NaN
0.1369863,-0.034484684,NaN
0.13894325,-0.034442276,NaN
0.1409002,-0.034381635,NaN
0.14285715,-0.03430365,NaN
0.14481409,-0.034209356,NaN
0.14677104,-0.034099415,NaN
0.14872798,-0.033974964,NaN
0.15068494,-0.03383685,NaN
0.15264188,-0.033686157,NaN
0.15459883,-0.03352391,NaN
0.15655577,-0.033351064,NaN
0.15851273,-0.033168625,NaN
0.16046967,-0.032977376,NaN
0.16242662,-0.032778613,NaN
0.16438356,-0.032572925,NaN
0.16634052,-0.032361347,NaN
0.16829745,-0.03214462,NaN
0.17025441,-0.031923853,NaN
0.17221135,-0.031699613,NaN
0.1741683,-0.03147273,NaN
0.17612524,-0.031243855,NaN
0.1780822,-0.031013729,NaN
0.18003914,-0.03078302,NaN
0.18199609,-0.030552216,NaN
0.18395303,-0.030321859,NaN
0.18590999,-0.030092416,NaN
0.18786693,-0.029864442,NaN
0.18982388,-0.029638197,NaN
0.19178082,-0.029414149,NaN
0.19373778,-0.029192543,NaN
0.19569471,-0.028973762,NaN
0.19765167,-0.02875791,NaN
0.19960861,-0.028545136,NaN
0.20156556,-0.028335784,NaN
0.2035225,-0.028129874,NaN
0.20547946,-0.027927466,NaN
0.2074364,-0.027728852,NaN
0.20939335,-0.027533751,NaN
0.21135029,-0.0273423,NaN
0.21330725,-0.027154358,NaN
0.21526419,-0.026969973,NaN
0.21722114,-0.02678911,NaN
0.21917808,-0.026611837,NaN
0.22113504,-0.026437934,NaN
0.22309197,-0.02626734,NaN
0.22504893,-0.026099853,NaN
0.22700587,-0.02593553,NaN
0.22896282,-0.02577405,NaN
0.23091976,-0.025615295,NaN
0.23287672,-0.025459282,NaN
0.23483366,-0.025305893,NaN
0.23679061,-0.025154904,NaN
0.23874755,-0.02500616,NaN
0.2407045,-0.024859501,NaN
0.24266145,-0.024714865,NaN
0.2446184,-0.02457197,NaN
0.24657534,-0.024430744,NaN
0.2485323,-0.024291039,NaN
0.25048923,-0.024152903,NaN
0.25244617,-0.02401588,NaN
0.25440314,-0.023880204,NaN
0.25636008,-0.023745397,NaN
0.25831702,-0.02361162,NaN
0.26027396,-0.023478633,NaN
0.26223093,-0.023346493,NaN
0.26418787,-0.023214884,NaN
0.2661448,-0.023084005,NaN
0.26810175,-0.022953542,NaN
0.27005872,-0.022823323,NaN
0.27201566,-0.022693396,NaN
0.2739726,-0.022563824,NaN
0.27592954,-0.022434393,NaN
0.2778865,-0.022305112,NaN
0.27984345,-0.022175837,NaN
0.2818004,-0.022046547,NaN
0.28375733,-0.021917198,NaN
0.2857143,-0.021787839,NaN
0.28767124,-0.021658408,NaN
0.28962818,-0.021528784,NaN
0.29158512,-0.021398945,NaN
0.2935421,-0.02126892,NaN
0.29549903,-0.02113858,NaN
0.29745597,-0.021007864,NaN
0.2994129,-0.020876933,NaN
0.30136988,-0.020745663,NaN
0.30332682,-0.02061405,NaN
0.30528376,-0.020482177,NaN
0.3072407,-0.020349871,NaN
0.30919766,-0.020217221,NaN
0.3111546,-0.020084118,NaN
0.31311154,-0.019950714,NaN
0.31506848,-0.019816758,NaN
0.31702545,-0.019682502,NaN
0.3189824,-0.019547772,NaN
0.32093933,-0.019412728,NaN
0.32289627,-0.019277053,NaN
0.32485324,-0.019141022,NaN
0.32681018,-0.019004535,NaN
0.32876712,-0.018867545,NaN
0.33072406,-0.018730057,NaN
0.33268103,-0.018592108,NaN
0.33463797,-0.018453686,NaN
0.3365949,-0.018314842,NaN
0.33855185,-0.01817542,NaN
0.34050882,-0.018035524,NaN
0.34246576,-0.017895231,NaN
0.3444227,-0.017754326,NaN
0.34637964,-0.017612945,NaN
0.3483366,-0.017471047,NaN
0.35029355,-0.017328652,NaN
0.3522505,-0.017185697,NaN
0.35420743,-0.017042307,NaN
0.3561644,-0.016898325,NaN
0.35812134,-0.016753757,NaN
0.36007828,-0.016608655,NaN
0.3620352,-0.01646307,NaN
0.36399218,-0.016316893,NaN
0.36594912,-0.016170144,NaN
0.36790606,-0.016022852,NaN
0.369863,-0.015874924,NaN
0.37181997,-0.01572641,NaN
0.3737769,-0.015577264,NaN
0.37573385,-0.015427646,NaN
0.3776908,-0.015277371,NaN
0.37964776,-0.015126595,NaN
0.3816047,-0.014975145,NaN
0.38356164,-0.014823227,NaN
0.38551858,-0.014670549,NaN
0.38747555,-0.014517257,NaN
0.3894325,-0.014363297,NaN
0.39138943,-0.014208882,NaN
0.39334637,-0.014053826,NaN
0.39530334,-0.013898041,NaN
0.39726028,-0.013741657,NaN
0.39921722,-0.013584538,NaN
0.40117416,-0.0134267965,NaN
0.40313113,-0.013268502,NaN
0.40508807,-0.013109474,NaN
0.407045,-0.012949928,NaN
0.40900195,-0.012789686,NaN
0.41095892,-0.012628755,NaN
0.41291586,-0.012467117,NaN
0.4148728,-0.012304885,NaN
0.41682974,-0.012142003,NaN
0.4187867,-0.011978395,NaN
0.42074364,-0.011814148,NaN
0.42270058,-0.011649201,NaN
0.42465752,-0.011483657,NaN
0.4266145,-0.011317504,NaN
0.42857143,-0.011150663,NaN
0.43052837,-0.010983049,NaN
0.4324853,-0.01081492,NaN
0.43444228,-0.010646084,NaN
0.43639922,-0.010476592,NaN
0.43835616,-0.010306388,NaN
0.4403131,-0.0101356795,NaN
0.44227007,-0.009964182,NaN
0.444227,-0.00979212,NaN
0.44618395,-0.009619463,NaN
0.4481409,-0.009446049,NaN
0.45009786,-0.00927212,NaN
0.4520548,-0.009097504,NaN
0.45401174,-0.0089223515,NaN
0.45596868,-0.008746527,NaN
0.45792565,-0.008570093,NaN
0.4598826,-0.008392939,NaN
0.46183953,-0.008215288,NaN
0.46379647,-0.008037014,NaN
0.46575344,-0.007858213,NaN
0.46771038,-0.0076788166,NaN
0.46966732,-0.007498895,NaN
0.47162426,-0.007318457,NaN
0.47358122,-0.007137404,NaN
0.47553816,-0.0069558388,NaN
0.4774951,-0.0067737736,NaN
0.47945204,-0.0065910313,NaN
0.481409,-0.006407823,NaN
0.48336595,-0.0062241764,NaN
0.4853229,-0.0060400735,NaN
0.48727983,-0.0058554485,NaN
0.4892368,-0.0056703296,NaN
0.49119374,-0.005484775,NaN
0.49315068,-0.0052987947,NaN
0.49510762,-0.005112191,NaN
0.4970646,-0.004925265,NaN
0.49902153,-0.004737906,NaN
0.50097847,-0.0045501,NaN
0.5029354,-0.0043619983,NaN
0.50489235,-0.0041733934,NaN
0.5068493,-0.003984467,NaN
0.5088063,-0.0037950978,NaN
0.5107632,-0.0036055325,NaN
0.51272017,-0.0034155173,NaN
0.5146771,-0.0032251752,NaN
0.51663405,-0.0030345311,NaN
0.518591,-0.002843541,NaN
0.5205479,-0.0026522917,NaN
0.52250487,-0.0024607219,NaN
0.52446187,-0.0022689516,NaN
0.5264188,-0.0020768573,NaN
0.52837574,-0.0018845197,NaN
0.5303327,-0.0016919625,NaN
0.5322896,-0.0014991807,NaN
0.53424656,-0.0013061203,NaN
0.5362035,-0.001113005,NaN
0.53816044,-0.000919675,NaN
0.54011744,-0.0007261634,NaN
0.5420744,-0.0005325376,NaN
0.5440313,-0.00033868747,NaN
0.54598826,-0.0001447346,NaN
0.5479452,0.000049293092,NaN
0.54990214,0.00024349442,NaN
0.5518591,0.00043774236,NaN
0.553816,0.00063204055,NaN
0.555773,0.0008264188,NaN
0.55772996,0.0010208996,NaN
0.5596869,0.0012153427,NaN
0.56164384,0.0014098543,NaN
0.5636008,0.0016044528,NaN
0.5655577,0.0017990156,NaN
0.56751466,0.0019934308,NaN
0.5694716,0.0021879235,NaN
0.5714286,0.0023823162,NaN
0.57338554,0.0025767344,NaN
0.5753425,0.002771102,NaN
0.5772994,0.0029653953,NaN
0.57925636,0.0031595656,NaN
0.5812133,0.0033537426,NaN
0.58317024,0.0035476668,NaN
0.5851272,0.0037415419,NaN
0.5870842,0.0039353645,NaN
0.5890411,0.0041290116,NaN
0.59099805,0.0043225647,NaN
0.592955,0.0045158425,NaN
0.59491193,0.004709009,NaN
0.5968689,0.0049019307,NaN
0.5988258,0.0050948854,NaN
0.60078275,0.0052874773,NaN
0.60273975,0.005479891,NaN
0.6046967,0.0056719943,NaN
0.60665363,0.005864074,NaN
0.6086106,0.0060557215,NaN
0.6105675,0.006247234,NaN
0.61252445,0.006438446,NaN
0.6144814,0.0066294204,NaN
0.6164383,0.0068201614,NaN
0.6183953,0.0070107062,NaN
0.62035227,0.0072009047,NaN
0.6223092,0.0073908763,NaN
0.62426615,0.007580567,NaN
0.6262231,0.007769929,NaN
0.62818,0.007958891,NaN
0.63013697,0.00814764,NaN
0.6320939,0.0083361035,NaN
0.6340509,0.008524222,NaN
0.63600785,0.008712143,NaN
0.6379648,0.008899607,NaN
0.6399217,0.00908691,NaN
0.64187866,0.009273646,NaN
0.6438356,0.009460184,NaN
0.64579254,0.009646334,NaN
0.6477495,0.0098320795,NaN
0.6497065,0.010017552,NaN
0.6516634,0.0102026565,NaN
0.65362036,0.010387369,NaN
0.6555773,0.010571769,NaN
0.65753424,0.010755874,NaN
0.6594912,0.010939559,NaN
0.6614481,0.011122948,NaN
0.66340506,0.011305868,NaN
0.66536206,0.011488547,NaN
0.667319,0.01167086,NaN
0.66927594,0.011852809,NaN
0.6712329,0.012034529,NaN
0.6731898,0.012215831,NaN
0.67514676,0.012396755,NaN
0.6771037,0.012577326,NaN
0.67906064,0.012757586,NaN
0.68101764,0.01293753,NaN
0.6829746,0.013117067,NaN
0.6849315,0.013296374,NaN
0.68688846,0.013475295,NaN
0.6888454,0.013653907,NaN
0.69080234,0.013832264,NaN
0.6927593,0.01401022,NaN
0.6947162,0.0141879795,NaN
0.6966732,0.014365481,NaN
0.69863015,0.0145426905,NaN
0.7005871,0.014719484,NaN
0.70254403,0.01489607,NaN
0.704501,0.015072326,NaN
0.7064579,0.015248448,NaN
0.70841485,0.015424393,NaN
0.7103718,0.015600118,NaN
0.7123288,0.015775692,NaN
0.71428573,0.015950907,NaN
0.7162427,0.016126052,NaN
0.7181996,0.016300997,NaN
0.72015655,0.01647573,NaN
0.7221135,0.01665036,NaN
0.7240704,0.016824743,NaN
0.72602737,0.01699914,NaN
0.72798437,0.017173389,NaN
0.7299413,0.017347585,NaN
0.73189825,0.017521776,NaN
0.7338552,0.017695853,NaN
0.7358121,0.01786999,NaN
0.73776907,0.018044155,NaN
0.739726,0.018218277,NaN
0.74168295,0.018392472,NaN
0.74363995,0.018566761,NaN
0.7455969,0.018741101,NaN
0.7475538,0.018915616,NaN
0.74951077,0.019090185,NaN
0.7514677,0.019264994,NaN
0.75342464,0.019439993,NaN
0.7553816,0.019615311,NaN
0.7573385,0.019790797,NaN
0.7592955,0.019966647,NaN
0.76125246,0.020142764,NaN
0.7632094,0.020319317,NaN
0.76516634,0.020496143,NaN
0.7671233,0.020673424,NaN
0.7690802,0.020851115,NaN
0.77103716,0.021029262,NaN
0.7729941,0.02120804,NaN
0.7749511,0.02138726,NaN
0.77690804,0.021567075,NaN
0.778865,0.02174751,NaN
0.7808219,0.02192857,NaN
0.78277886,0.02211034,NaN
0.7847358,0.022292854,NaN
0.78669274,0.022476075,NaN
0.7886497,0.022660052,NaN
0.7906067,0.022844823,NaN
0.7925636,0.023030406,NaN
0.79452056,0.02321677,NaN
0.7964775,0.023404097,NaN
0.79843444,0.023592241,NaN
0.8003914,0.023781242,NaN
0.8023483,0.023971163,NaN
0.80430526,0.024162078,NaN
0.80626225,0.024353817,NaN
0.8082192,0.024546597,NaN
0.81017613,0.024740372,NaN
0.8121331,0.024935037,NaN
0.81409,0.025130738,NaN
0.81604695,0.025327336,NaN
0.8180039,0.025524728,NaN
0.81996083,0.025723182,NaN
0.82191783,0.025922365,NaN
0.8238748,0.026122501,NaN
0.8258317,0.026323494,NaN
0.82778865,0.02652526,NaN
0.8297456,0.026727825,NaN
0.83170253,0.026931046,NaN
0.83365947,0.027134797,NaN
0.8356164,0.027339224,NaN
0.8375734,0.02754412,NaN
0.83953035,0.027749412,NaN
0.8414873,0.027955018,NaN
0.8434442,0.0281608,NaN
0.84540117,0.028366854,NaN
0.8473581,0.028572857,NaN
0.84931505,0.028778715,NaN
0.851272,0.028984413,NaN
0.853229,0.029189803,NaN
0.8551859,0.029394696,NaN
0.85714287,0.029599035,NaN
0.8590998,0.029802624,NaN
0.86105675,0.030005125,NaN
0.8630137,0.03020654,NaN
0.8649706,0.030406578,NaN
0.86692756,0.03060518,NaN
0.86888456,0.030802133,NaN
0.8708415,0.030997269,NaN
0.87279844,0.031190319,NaN
0.8747554,0.03138111,NaN
0.8767123,0.03156937,NaN
0.87866926,0.03175489,NaN
0.8806262,0.031937532,NaN
0.88258314,0.032116976,NaN
0.88454014,0.032293003,NaN
0.8864971,0.0324655,NaN
0.888454,0.032634187,NaN
0.89041096,0.032798644,NaN
0.8923679,0.032958858,NaN
0.89432484,0.033114523,NaN
0.8962818,0.03326528,NaN
0.8982387,0.033411093,NaN
0.9001957,0.033551607,NaN
0.90215266,0.03368662,NaN
0.9041096,0.03381592,NaN
0.90606654,0.03393933,NaN
0.9080235,0.034056623,NaN
0.9099804,0.034167763,NaN
0.91193736,0.03427243,NaN
0.9138943,0.03437075,NaN
0.9158513,0.034462437,NaN
0.91780823,0.034547772,NaN
0.9197652,0.03462662,NaN
0.9217221,0.034699336,NaN
0.92367905,0.034766294,NaN
0.925636,0.034828097,NaN
0.92759293,0.034885533,NaN
0.9295499,0.034939677,NaN
0.9315069,0.034991913,NaN
0.9334638,0.035044067,NaN
0.93542075,0.035098527,NaN
0.9373777,0.03515814,NaN
0.93933463,0.03522664,NaN
0.9412916,0.035308503,NaN
0.9432485,0.03540924,NaN
0.94520545,0.035535485,NaN
0.94716245,0.035694815,NaN
0.9491194,0.035896566,NaN
0.9510763,0.03615137,NaN
0.95303327,0.036471378,NaN
0.9549902,0.036870554,NaN
0.95694715,0.03736441,NaN
0.9589041,0.037970293,NaN
0.960861,0.038706776,NaN
0.962818,0.039594043,NaN
0.96477497,0.040653396,NaN
0.9667319,0.04190689,NaN
0.96868885,0.04337657,NaN
0.9706458,0.04508435,NaN
0.9726027,0.047050748,NaN
0.97455966,0.04929408,NaN
0.9765166,0.05182996,NaN
0.9784736,0.054669388,NaN
0.98043054,0.05781824,NaN
0.9823875,0.06127591,NaN
0.9843444,0.065034136,NaN
0.98630136,0.06907624,NaN
0.9882583,0.073376395,NaN
0.99021524,0.07789946,NaN
0.9921722,0.082601085,NaN
0.9941292,0.08742933,NaN
0.9960861,0.09232587,NaN
0.99804306,0.09722952,NaN
1,NaN,NaN
0,NaN,NaN
0.0019569471,NaN,0.0008725302
0.0039138943,NaN,0.002382888
0.0058708414,NaN,0.0038413913
0.007827789,NaN,0.005247494
0.009784736,NaN,0.006600725
0.011741683,NaN,0.0079005305
0.01369863,NaN,0.009146363
0.015655577,NaN,0.010337845
0.017612524,NaN,0.011474799
0.019569471,NaN,0.012557495
0.021526419,NaN,0.0135862995
0.023483366,NaN,0.014562255
0.025440313,NaN,0.015486438
0.02739726,NaN,0.016360467
0.029354207,NaN,0.017186122
0.031311154,NaN,0.01796567
0.0332681,NaN,0.018701259
0.03522505,NaN,0.019395648
0.037181996,NaN,0.020051662
0.039138943,NaN,0.020671995
0.04109589,NaN,0.021259315
0.043052837,NaN,0.021816546
0.045009784,NaN,0.022346318
0.04696673,NaN,0.022851303
0.04892368,NaN,0.023333829
0.050880626,NaN,0.023796232
0.052837573,NaN,0.024240617
0.05479452,NaN,0.024668932
0.056751467,NaN,0.025082644
0.058708414,NaN,0.025483502
0.06066536,NaN,0.025872447
0.06262231,NaN,0.026250642
0.064579256,NaN,0.026618855
0.0665362,NaN,0.026977934
0.06849315,NaN,0.02732809
0.0704501,NaN,0.027669962
0.072407044,NaN,0.028003518
0.07436399,NaN,0.028328994
0.07632094,NaN,0.028646225
0.078277886,NaN,0.02895522
0.08023483,NaN,0.029255638
0.08219178,NaN,0.02954748
0.08414873,NaN,0.029830346
0.086105675,NaN,0.030104043
0.08806262,NaN,0.03036826
0.09001957,NaN,0.030622603
0.091976516,NaN,0.030866891
0.09393346,NaN,0.031100733
0.09589041,NaN,0.03132379
0.09784736,NaN,0.031535994
0.099804305,NaN,0.03173673
0.10176125,NaN,0.031925917
0.1037182,NaN,0.032103315
0.105675146,NaN,0.032268845
0.10763209,NaN,0.0324223
0.10958904,NaN,0.03256342
0.11154599,NaN,0.03269222
0.113502935,NaN,0.03280848
0.11545988,NaN,0.032912362
0.11741683,NaN,0.033003666
0.119373776,NaN,0.033082668
0.12133072,NaN,0.033149265
0.12328767,NaN,0.03320342
0.12524462,NaN,0.033245362
0.12720157,NaN,0.033275273
0.12915851,NaN,0.033293243
0.13111547,NaN,0.033299483
0.1330724,NaN,0.033294205
0.13502936,NaN,0.03327757
0.1369863,NaN,0.03324981
0.13894325,NaN,0.033211235
0.1409002,NaN,0.0331622
0.14285715,NaN,0.033103097
0.14481409,NaN,0.033034146
0.14677104,NaN,0.032955773
0.14872798,NaN,0.03286822
0.15068494,NaN,0.032771893
0.15264188,NaN,0.03266715
0.15459883,NaN,0.03255441
0.15655577,NaN,0.03243419
0.15851273,NaN,0.032306697
0.16046967,NaN,0.03217251
0.16242662,NaN,0.032031946
0.16438356,NaN,0.031885445
0.16634052,NaN,0.031733252
0.16829745,NaN,0.031576015
0.17025441,NaN,0.031413972
0.17221135,NaN,0.031247538
0.1741683,NaN,0.03107709
0.17612524,NaN,0.03090306
0.1780822,NaN,0.030725688
0.18003914,NaN,0.030545408
0.18199609,NaN,0.03036263
0.18395303,NaN,0.030177683
0.18590999,NaN,0.029990733
0.18786693,NaN,0.02980216
0.18982388,NaN,0.029612407
0.19178082,NaN,0.029421605
0.19373778,NaN,0.0292299
0.19569471,NaN,0.029037628
0.19765167,NaN,0.028844967
0.19960861,NaN,0.028652346
0.20156556,NaN,0.028459849
0.2035225,NaN,0.028267644
0.20547946,NaN,0.028075824
0.2074364,NaN,0.027884599
0.20939335,NaN,0.027694114
0.21135029,NaN,0.027504519
0.21330725,NaN,0.027316036
0.21526419,NaN,0.027128557
0.21722114,NaN,0.026942214
0.21917808,NaN,0.026757134
0.22113504,NaN,0.026573455
0.22309197,NaN,0.026391009
0.22504893,NaN,0.026210006
0.22700587,NaN,0.026030373
0.22896282,NaN,0.025852181
0.23091976,NaN,0.02567537
0.23287672,NaN,0.025500014
0.23483366,NaN,0.025326062
0.23679061,NaN,0.025153516
0.23874755,NaN,0.024982335
0.2407045,NaN,0.024812512
0.24266145,NaN,0.024644075
0.2446184,NaN,0.024476895
0.24657534,NaN,0.024310935
0.2485323,NaN,0.024146164
0.25048923,NaN,0.023982689
0.25244617,NaN,0.023820108
0.25440314,NaN,0.023658715
0.25636008,NaN,0.023498314
0.25831702,NaN,0.023338879
0.26027396,NaN,0.023180239
0.26223093,NaN,0.023022523
0.26418787,NaN,0.022865599
0.2661448,NaN,0.022709275
0.26810175,NaN,0.0225537
0.27005872,NaN,0.022398671
0.27201566,NaN,0.022244114
0.2739726,NaN,0.022089986
0.27592954,NaN,0.021936398
0.2778865,NaN,0.021783223
0.27984345,NaN,0.02163033
0.2818004,NaN,0.021477804
0.28375733,NaN,0.021325462
0.2857143,NaN,0.021173282
0.28767124,NaN,0.021021282
0.28962818,NaN,0.020869387
0.29158512,NaN,0.020717477
0.2935421,NaN,0.020565702
0.29549903,NaN,0.020413868
0.29745597,NaN,0.020261956
0.2994129,NaN,0.020109944
0.30136988,NaN,0.019957742
0.30332682,NaN,0.019805353
0.30528376,NaN,0.01965279
0.3072407,NaN,0.019499969
0.30919766,NaN,0.019346971
0.3111546,NaN,0.019193757
0.31311154,NaN,0.019040305
0.31506848,NaN,0.018886581
0.31702545,NaN,0.018732503
0.3189824,NaN,0.018578136
0.32093933,NaN,0.018423289
0.32289627,NaN,0.01826825
0.32485324,NaN,0.018112702
0.32681018,NaN,0.017956818
0.32876712,NaN,0.017800465
0.33072406,NaN,0.017643725
0.33268103,NaN,0.01748644
0.33463797,NaN,0.017328754
0.3365949,NaN,0.017170593
0.33855185,NaN,0.017011933
0.34050882,NaN,0.01685288
0.34246576,NaN,0.01669329
0.3444227,NaN,0.016533254
0.34637964,NaN,0.016372565
0.3483366,NaN,0.01621136
0.35029355,NaN,0.01604967
0.3522505,NaN,0.01588749
0.35420743,NaN,0.015724719
0.3561644,NaN,0.015561476
0.35812134,NaN,0.0153976325
0.36007828,NaN,0.015233255
0.3620352,NaN,0.015068343
0.36399218,NaN,0.014902848
0.36594912,NaN,0.014736816
0.36790606,NaN,0.014570286
0.369863,NaN,0.0144031225
0.37181997,NaN,0.01423544
0.3737769,NaN,0.01406717
0.37573385,NaN,0.013898278
0.3776908,NaN,0.01372875
0.37964776,NaN,0.013558667
0.3816047,NaN,0.013388041
0.38356164,NaN,0.013216917
0.38551858,NaN,0.013045147
0.38747555,NaN,0.012872756
0.3894325,NaN,0.012699695
0.39138943,NaN,0.012526157
0.39334637,NaN,0.012351957
0.39530334,NaN,0.0121772
0.39726028,NaN,0.012001887
0.39921722,NaN,0.011826056
0.40117416,NaN,0.011649425
0.40313113,NaN,0.011472258
0.40508807,NaN,0.011294556
0.407045,NaN,0.011116278
0.40900195,NaN,0.010937373
0.41095892,NaN,0.010757877
0.41291586,NaN,0.010577799
0.4148728,NaN,0.01039714
0.41682974,NaN,0.010215927
0.4187867,NaN,0.010034209
0.42074364,NaN,0.00985181
0.42270058,NaN,0.009668852
0.42465752,NaN,0.009485415
0.4266145,NaN,0.009301335
0.42857143,NaN,0.009116751
0.43052837,NaN,0.008931613
0.4324853,NaN,0.008745995
0.43444228,NaN,0.008559764
0.43639922,NaN,0.008373027
0.43835616,NaN,0.008185705
0.4403131,NaN,0.0079979915
0.44227007,NaN,0.007809603
0.444227,NaN,0.0076208417
0.44618395,NaN,0.0074315574
0.4481409,NaN,0.0072417646
0.45009786,NaN,0.00705159
0.4520548,NaN,0.0068608867
0.45401174,NaN,0.006669659
0.45596868,NaN,0.00647806
0.45792565,NaN,0.0062859254
0.4598826,NaN,0.006093387
0.46183953,NaN,0.0059002917
0.46379647,NaN,0.005706849
0.46575344,NaN,0.0055130357
0.46771038,NaN,0.0053187455
0.46966732,NaN,0.0051241512
0.47162426,NaN,0.0049291826
0.47358122,NaN,0.0047339248
0.47553816,NaN,0.004538153
0.4774951,NaN,0.004342105
0.47945204,NaN,0.004145732
0.481409,NaN,0.003949007
0.48336595,NaN,0.0037519785
0.4853229,NaN,0.0035546436
0.48727983,NaN,0.0033571047
0.4892368,NaN,0.0031592774
0.49119374,NaN,0.002961192
0.49315068,NaN,0.0027627908
0.49510762,NaN,0.0025642284
0.4970646,NaN,0.0023654052
0.49902153,NaN,0.0021663816
0.50097847,NaN,0.001967189
0.5029354,NaN,0.0017676824
0.50489235,NaN,0.0015681378
0.5068493,NaN,0.0013683545
0.5088063,NaN,0.0011685004
0.5107632,NaN,0.0009685035
0.51272017,NaN,0.00076837576
0.5146771,NaN,0.00056816917
0.51663405,NaN,0.00036784646
0.518591,NaN,0.00016746564
0.5205479,NaN,-0.000032963948
0.52250487,NaN,-0.00023346837
0.52446187,NaN,-0.0004340046
0.5264188,NaN,-0.0006346844
0.52837574,NaN,-0.0008351644
0.5303327,NaN,-0.0010356926
0.5322896,NaN,-0.0012362058
0.53424656,NaN,-0.0014367147
0.5362035,NaN,-0.0016371227
0.53816044,NaN,-0.0018375282
0.54011744,NaN,-0.002037814
0.5420744,NaN,-0.002238043
0.5440313,NaN,-0.002438161
0.54598826,NaN,-0.0026381295
0.5479452,NaN,-0.0028380554
0.54990214,NaN,-0.003037848
0.5518591,NaN,-0.003237366
0.553816,NaN,-0.0034367985
0.555773,NaN,-0.0036359518
0.55772996,NaN,-0.003835
0.5596869,NaN,-0.004033785
0.56164384,NaN,-0.004232348
0.5636008,NaN,-0.004430655
0.5655577,NaN,-0.00462876
0.56751466,NaN,-0.0048265816
0.5694716,NaN,-0.0050241323
0.5714286,NaN,-0.0052215043
0.57338554,NaN,-0.0054185865
0.5753425,NaN,-0.005615326
0.5772994,NaN,-0.0058118287
0.57925636,NaN,-0.006007893
0.5812133,NaN,-0.0062037995
0.58317024,NaN,-0.006399167
0.5851272,NaN,-0.006594351
0.5870842,NaN,-0.0067890286
0.5890411,NaN,-0.0069834203
0.59099805,NaN,-0.0071773524
0.592955,NaN,-0.0073710456
0.59491193,NaN,-0.007564138
0.5968689,NaN,-0.007757046
0.5988258,NaN,-0.007949424
0.60078275,NaN,-0.008141525
0.60273975,NaN,-0.008333066
0.6046967,NaN,-0.008524258
0.60665363,NaN,-0.008714896
0.6086106,NaN,-0.008905211
0.6105675,NaN,-0.009094989
0.61252445,NaN,-0.009284321
0.6144814,NaN,-0.009473155
0.6164383,NaN,-0.009661516
0.6183953,NaN,-0.009849404
0.62035227,NaN,-0.01003684
0.6223092,NaN,-0.010223826
0.62426615,NaN,-0.010410255
0.6262231,NaN,-0.010596356
0.62818,NaN,-0.010781842
0.63013697,NaN,-0.010966913
0.6320939,NaN,-0.011151492
0.6340509,NaN,-0.011335506
0.63600785,NaN,-0.011519037
0.6379648,NaN,-0.0117020225
0.6399217,NaN,-0.011884622
0.64187866,NaN,-0.012066735
0.6438356,NaN,-0.012248186
0.64579254,NaN,-0.012429241
0.6477495,NaN,-0.012609642
0.6497065,NaN,-0.012789768
0.6516634,NaN,-0.012969379
0.65362036,NaN,-0.013148538
0.6555773,NaN,-0.013327157
0.65753424,NaN,-0.013505338
0.6594912,NaN,-0.013683036
0.6614481,NaN,-0.013860281
0.66340506,NaN,-0.014037075
0.66536206,NaN,-0.014213429
0.667319,NaN,-0.014389262
0.66927594,NaN,-0.014564675
0.6712329,NaN,-0.014739578
0.6731898,NaN,-0.0149141215
0.67514676,NaN,-0.01508827
0.6771037,NaN,-0.0152619155
0.67906064,NaN,-0.0154351955
0.68101764,NaN,-0.015608112
0.6829746,NaN,-0.01578054
0.6849315,NaN,-0.015952699
0.68688846,NaN,-0.016124405
0.6888454,NaN,-0.016295806
0.69080234,NaN,-0.016466858
0.6927593,NaN,-0.016637536
0.6947162,NaN,-0.016807953
0.6966732,NaN,-0.016978055
0.69863015,NaN,-0.01714781
0.7005871,NaN,-0.017317364
0.70254403,NaN,-0.017486628
0.704501,NaN,-0.017655583
0.7064579,NaN,-0.017824393
0.70841485,NaN,-0.017992921
0.7103718,NaN,-0.01816121
0.7123288,NaN,-0.018329276
0.71428573,NaN,-0.018497163
0.7162427,NaN,-0.018664775
0.7181996,NaN,-0.018832263
0.72015655,NaN,-0.018999727
0.7221135,NaN,-0.019167013
0.7240704,NaN,-0.019334042
0.72602737,NaN,-0.019501066
0.72798437,NaN,-0.019667972
0.7299413,NaN,-0.019834885
0.73189825,NaN,-0.02000155
0.7338552,NaN,-0.020168211
0.7358121,NaN,-0.020334745
0.73776907,NaN,-0.020501327
0.739726,NaN,-0.020667836
0.74168295,NaN,-0.020834293
0.74363995,NaN,-0.021000564
0.7455969,NaN,-0.021166941
0.7475538,NaN,-0.021333214
0.74951077,NaN,-0.021499513
0.7514677,NaN,-0.021665778
0.75342464,NaN,-0.021832095
0.7553816,NaN,-0.021998324
0.7573385,NaN,-0.022164585
0.7592955,NaN,-0.02233074
0.76125246,NaN,-0.022496892
0.7632094,NaN,-0.022663027
0.76516634,NaN,-0.02282912
0.7671233,NaN,-0.02299523
0.7690802,NaN,-0.02316118
0.77103716,NaN,-0.023327012
0.7729941,NaN,-0.023492735
0.7749511,NaN,-0.02365835
0.77690804,NaN,-0.023823867
0.778865,NaN,-0.023989217
0.7808219,NaN,-0.024154447
0.78277886,NaN,-0.02431928
0.7847358,NaN,-0.024484076
0.78669274,NaN,-0.024648754
0.7886497,NaN,-0.024812996
0.7906067,NaN,-0.024977103
0.7925636,NaN,-0.025140846
0.79452056,NaN,-0.025304316
0.7964775,NaN,-0.025467427
0.79843444,NaN,-0.02563021
0.8003914,NaN,-0.025792649
0.8023483,NaN,-0.025954869
0.80430526,NaN,-0.026116591
0.80626225,NaN,-0.026278028
0.8082192,NaN,-0.026439195
0.81017613,NaN,-0.02660007
0.8121331,NaN,-0.02676062
0.81409,NaN,-0.026921015
0.81604695,NaN,-0.02708128
0.8180039,NaN,-0.02724149
0.81996083,NaN,-0.027401788
0.82191783,NaN,-0.027562393
0.8238748,NaN,-0.02772328
0.8258317,NaN,-0.027884645
0.82778865,NaN,-0.028046643
0.8297456,NaN,-0.02820953
0.83170253,NaN,-0.028373595
0.83365947,NaN,-0.02853918
0.8356164,NaN,-0.028706636
0.8375734,NaN,-0.028876247
0.83953035,NaN,-0.029048583
0.8414873,NaN,-0.029224
0.8434442,NaN,-0.029403083
0.84540117,NaN,-0.029586447
0.8473581,NaN,-0.029774597
0.84931505,NaN,-0.029968446
0.851272,NaN,-0.03016853
0.853229,NaN,-0.030375738
0.8551859,NaN,-0.03059089
0.85714287,NaN,-0.030814875
0.8590998,NaN,-0.031048601
0.86105675,NaN,-0.031293247
0.8630137,NaN,-0.031549588
0.8649706,NaN,-0.031818796
0.86692756,NaN,-0.032101832
0.86888456,NaN,-0.032399856
0.8708415,NaN,-0.03271393
0.87279844,NaN,-0.0330448
0.8747554,NaN,-0.033393677
0.8767123,NaN,-0.033761222
0.87866926,NaN,-0.034148324
0.8806262,NaN,-0.034555428
0.88258314,NaN,-0.034983132
0.88454014,NaN,-0.03543148
0.8864971,NaN,-0.035900522
0.888454,NaN,-0.036390033
0.89041096,NaN,-0.036899306
0.8923679,NaN,-0.037427373
0.89432484,NaN,-0.037972704
0.8962818,NaN,-0.03853351
0.8982387,NaN,-0.039107494
0.9001957,NaN,-0.03969176
0.90215266,NaN,-0.04028307
0.9041096,NaN,-0.04087735
0.90606654,NaN,-0.041470192
0.9080235,NaN,-0.042056352
0.9099804,NaN,-0.042630207
0.91193736,NaN,-0.04318548
0.9138943,NaN,-0.043715507
0.9158513,NaN,-0.04421297
0.91780823,NaN,-0.044670396
0.9197652,NaN,-0.045079704
0.9217221,NaN,-0.045432746
0.92367905,NaN,-0.04572127
0.925636,NaN,-0.045936882
0.92759293,NaN,-0.046071548
0.9295499,NaN,-0.046117395
0.9315069,NaN,-0.046066985
0.9334638,NaN,-0.04591346
0.93542075,NaN,-0.045650903
0.9373777,NaN,-0.04527411
0.93933463,NaN,-0.044779014
0.9412916,NaN,-0.044162594
0.9432485,NaN,-0.043423086
0.94520545,NaN,-0.042560346
0.94716245,NaN,-0.041575465
0.9491194,NaN,-0.040470865
0.9510763,NaN,-0.03925067
0.95303327,NaN,-0.037920196
0.9549902,NaN,-0.036486335
0.95694715,NaN,-0.03495691
0.9589041,NaN,-0.03334129
0.960861,NaN,-0.03164958
0.962818,NaN,-0.029893033
0.96477497,NaN,-0.028083472
0.9667319,NaN,-0.026233053
0.96868885,NaN,-0.024354588
0.9706458,NaN,-0.022460967
0.9726027,NaN,-0.020565065
0.97455966,NaN,-0.018679356
0.9765166,NaN,-0.016816188
0.9784736,NaN,-0.01498722
0.98043054,NaN,-0.013203549
0.9823875,NaN,-0.011475142
0.9843444,NaN,-0.009811783
0.98630136,NaN,-0.0082214875
0.9882583,NaN,-0.006711869
0.99021524,NaN,-0.0052891173
0.9921722,NaN,-0.0039584213
0.9941292,NaN,-0.0027238042
0.9960861,NaN,-0.0015884374
0.99804306,NaN,-0.0005537596
1,NaN,NaN
